StudentID,Name,Class,StudyHoursPerDay,AttendancePercent,SleepHours,ScreenTimeHours,AssignmentSubmissionRate,Test1_Score,Test2_Score,Test3_Score
1,Sanjay Malhotra,12th,3.1,58,6.6,2.3,90,58,53,50
2,Karan Mehta,10th,6.5,84,4.2,9.0,82,75,69,54
3,Divya Chatterjee,10th,1.1,99,4.1,1.9,73,47,35,32
4,Xena Pillai,12th,6.9,44,4.7,4.5,79,72,64,63
5,Lavanya Kapoor,11th,0.5,45,4.9,6.6,93,15,5,5
6,Neha Singh,12th,1.4,62,8.6,3.3,69,37,16,11
7,Nisha Pillai,10th,3.0,50,9.3,5.5,74,38,48,36
8,Deepika Chatterjee,11th,0.7,58,4.3,2.7,67,18,26,22
9,Abhinav Iyer,10th,2.0,81,6.9,6.7,33,43,40,43
10,Kabir Patel,10th,3.9,57,4.8,6.6,78,46,55,56
11,Manish Pillai,11th,5.3,91,9.0,1.6,42,72,74,63
12,Tanvi Desai,11th,3.0,96,5.2,1.9,53,68,68,66
13,Simran Sharma,11th,3.4,44,6.2,5.3,59,33,29,34
14,Yash Tiwari,12th,3.6,76,4.5,5.6,95,59,56,61
15,Tara Yadav,10th,2.7,60,7.6,4.1,39,47,50,42
16,Zara Chawla,11th,3.8,64,8.8,1.1,33,38,46,47
17,Sneha Kapoor,11th,2.5,54,7.5,8.7,40,19,14,5
18,Tara Pillai,12th,6.1,84,8.5,2.7,,92,95,97
19,Nikhil Rathore,11th,6.2,85,4.8,5.2,40,70,76,80
20,Gauri Rathore,12th,2.5,81,7.2,2.1,40,52,61,50
21,Suresh Bose,11th,5.1,50,9.2,4.5,85,63,62,62
22,Ishita Verma,11th,5.7,,8.8,3.6,39,76,68,52
23,Vikram Patel,10th,3.3,97,4.0,1.9,85,60,54,48
24,Ritu Chawla,10th,4.7,44,4.4,8.1,54,40,40,40
25,Divya Nair,10th,2.7,59,7.5,0.6,39,40,52,44
26,Ritu Iyer,11th,4.9,81,6.2,0.8,59,76,81,81
27,Rahul Rathore,12th,0.6,,7.3,5.9,52,14,20,13
28,Simran Rathore,12th,5.5,,7.4,5.6,44,87,87,84
29,Tara Nair,12th,0.5,64,7.6,1.9,98,31,36,32
30,Riya Gupta,10th,3.0,51,5.9,6.2,76,50,50,47
31,Bhavna Kaur,10th,6.5,73,6.0,8.9,67,61,65,67
32,Manish Singh,11th,5.8,54,6.7,2.8,98,83,76,77
33,Rahul Singh,11th,1.3,42,4.0,6.1,67,22,22,30
34,Simran Sharma,11th,6.4,48,6.7,4.4,79,74,63,66
35,Abhinav Chawla,10th,6.5,52,7.3,3.3,39,65,75,78
36,Vidya Rathore,12th,1.7,71,8.2,4.7,34,40,35,32
37,Yogesh Malhotra,10th,1.1,96,7.3,4.8,59,42,49,40
38,Riya Mehta,11th,3.0,68,7.5,4.4,95,49,59,60
39,Ritu Chatterjee,10th,2.6,,4.9,7.3,71,47,39,35
40,Divya Joshi,12th,1.0,74,7.5,5.8,45,38,35,28
41,Vikram Joshi,10th,3.2,90,8.5,4.9,31,53,51,54
42,Rohan Kapoor,12th,3.5,42,9.1,1.2,62,53,47,50
43,Harsh Patel,10th,1.1,77,4.5,3.3,47,36,24,24
44,Riya Chatterjee,11th,3.7,46,7.5,4.5,76,54,45,33
45,Mohit Rathore,10th,0.5,53,4.9,8.7,31,20,16,21
46,Kavya Bose,12th,6.3,51,7.8,4.6,72,68,62,69
47,Ananya Verma,10th,5.1,59,5.8,3.7,51,65,61,41
48,Rahul Kaur,10th,6.3,92,6.1,2.1,95,87,70,70
49,Simran Mehta,12th,0.3,45,4.9,1.4,90,12,19,15
50,Farhan Vardhan,11th,6.7,75,4.6,3.5,82,84,90,85
51,Arjun Tiwari,11th,4.7,80,5.9,5.9,41,46,51,49
52,Priya Verma,10th,1.5,76,7.8,2.5,46,40,49,38
53,Manish Yadav,10th,5.2,64,8.4,7.8,35,46,48,55
54,Jyoti Chawla,12th,4.9,90,5.0,6.6,86,85,72,82
55,Sanjay Desai,10th,4.4,40,8.0,0.8,69,47,61,61
56,Ananya Agarwal,11th,2.7,78,8.7,7.2,92,51,58,49
57,Sanjay Malhotra,12th,2.4,56,8.2,3.8,44,41,36,40
58,Mohit Joshi,12th,4.0,57,8.2,6.3,70,46,45,42
59,Ishita Pillai,10th,6.8,73,9.3,1.9,53,73,74,70
60,Vidya Rao,10th,6.0,76,9.3,2.2,98,78,64,60
61,Yogesh Malhotra,12th,6.0,65,5.4,6.4,85,71,62,70
62,Abhinav Rao,12th,6.0,71,5.6,6.7,59,56,56,57
63,Rahul Singh,10th,2.5,90,9.0,2.0,52,54,49,40
64,Qasim Bhatt,10th,1.4,65,6.1,3.1,35,48,30,25
65,Harsh Yadav,10th,4.8,53,7.5,7.5,42,35,40,44
66,Kabir Nair,10th,5.7,98,6.2,6.9,97,80,64,67
67,Imran Iyer,11th,6.2,91,4.3,2.6,36,83,77,78
68,Rahul Vardhan,12th,5.5,64,8.9,8.1,54,52,60,58
69,Kavya Gupta,12th,1.1,71,9.2,4.5,84,29,38,28
70,Aditya Reddy,12th,3.0,75,9.3,4.9,92,51,38,47
71,Lavanya Rathore,11th,5.6,54,5.5,2.3,51,63,64,69
72,Aisha Patel,10th,5.8,98,5.5,8.9,34,67,71,69
73,Kabir Chatterjee,12th,2.1,41,7.0,1.6,92,38,44,44
74,Kavya Rao,12th,0.6,87,5.7,2.1,35,21,19,22
75,Nisha Joshi,10th,6.9,56,6.4,5.9,41,73,78,70
76,Meera Joshi,12th,4.8,53,4.0,7.3,80,65,55,42
77,Manish Verma,10th,4.6,82,7.2,4.6,55,56,49,50
78,Waseem Nair,11th,2.7,63,5.1,7.5,53,52,38,50
79,Om Agarwal,11th,1.8,78,5.7,1.8,31,37,35,26
80,Divya Tiwari,11th,3.2,81,5.3,5.0,96,51,59,58
81,Neha Patel,10th,2.1,59,6.6,6.2,38,30,27,36
82,Kabir Joshi,12th,3.7,78,8.5,6.6,92,59,53,41
83,Yash Desai,11th,2.9,60,4.4,3.7,58,42,47,49
84,Waseem Vardhan,10th,2.9,68,4.6,7.0,51,38,41,48
85,Xena Kapoor,10th,4.5,44,6.4,5.3,92,52,42,36
86,Aarav Verma,12th,5.2,86,5.9,7.1,69,76,78,72
87,Abhinav Kapoor,10th,5.1,56,8.2,5.1,83,56,65,52
88,Jyoti Gupta,11th,4.6,91,6.9,3.8,98,73,76,76
89,Riya Sharma,10th,2.6,67,4.1,8.1,48,42,37,41
90,Arjun Chawla,12th,4.3,68,6.8,2.7,50,48,49,46
91,Karan Rathore,11th,1.8,72,6.6,3.3,91,35,47,35
92,Kavya Desai,11th,1.6,79,6.1,4.2,50,53,41,53
93,Jyoti Kaur,12th,6.7,91,9.0,5.8,64,77,67,66
94,Rohan Chawla,10th,4.0,61,6.9,5.7,45,62,60,47
95,Jyoti Mehta,11th,0.5,93,9.1,4.9,89,50,42,52
96,Divya Patel,11th,5.7,51,7.1,7.8,92,65,67,72
97,Sanjay Reddy,11th,1.8,72,7.2,7.1,92,35,32,26
98,Waseem Singh,11th,5.0,58,5.8,5.1,48,61,57,58
99,Suresh Vardhan,12th,6.5,84,6.3,3.7,97,77,87,79
100,Ananya Gupta,10th,0.5,48,8.5,1.1,92,36,32,43
101,Gauri Pillai,10th,1.3,100,7.4,5.3,98,59,57,53
102,Karan Malhotra,10th,5.3,65,4.1,7.8,71,65,55,62
103,Rahul Sharma,12th,1.3,99,4.6,8.8,87,27,33,30
104,Rahul Bhatt,12th,1.3,46,8.0,7.7,68,23,34,20
105,Zara Bhatt,11th,3.4,53,7.7,6.0,76,57,52,56
106,Pallavi Iyer,10th,6.3,88,4.8,5.5,98,68,70,78
107,Harsh Vardhan,10th,4.6,71,6.5,5.8,32,45,51,46
108,Devansh Bhatt,11th,5.8,92,8.7,2.0,37,77,86,86
109,Meera Vardhan,10th,1.9,91,4.3,2.1,33,35,32,44
110,Karan Singh,11th,4.9,97,9.3,5.2,66,61,62,70
111,Rohan Mehta,12th,6.9,58,4.4,1.0,58,74,64,67
112,Aditya Yadav,12th,5.7,64,8.5,8.7,33,70,48,45
113,Sanjay Malhotra,12th,1.3,68,5.0,5.0,53,37,37,44
114,Tara Chawla,12th,4.2,83,9.4,8.7,44,49,32,22
115,Kavya Vardhan,11th,6.7,100,8.2,1.6,74,94,93,74
116,Ritu Reddy,10th,5.9,49,4.1,6.3,45,58,50,63
117,Manish Sharma,10th,2.1,41,8.1,6.9,44,35,41,35
118,Aisha Chawla,11th,2.9,48,7.1,5.8,47,31,33,38
119,Gauri Bhatt,11th,2.6,54,7.0,7.5,54,31,32,29
120,Aditya Joshi,11th,5.3,87,4.4,5.4,39,60,50,58
121,Meera Kapoor,10th,6.2,92,5.2,5.8,72,78,83,78
122,Divya Agarwal,11th,1.0,90,4.6,8.6,96,51,36,22
123,Qasim Rathore,12th,6.1,85,8.0,4.6,64,71,63,71
124,Om Pillai,10th,1.9,88,8.6,8.3,67,49,43,44
125,Yogesh Vardhan,11th,5.5,74,4.1,1.9,81,71,69,63
126,Bhavna Tiwari,11th,5.3,90,7.9,7.3,94,61,56,46
127,Meera Singh,12th,2.8,84,7.9,1.7,69,63,66,60
128,Nikhil Agarwal,10th,2.4,46,8.5,4.3,69,38,39,21
129,Kavya Desai,12th,2.2,70,4.6,2.1,98,54,53,63
130,Uday Gupta,11th,6.7,99,5.1,2.8,94,83,80,69
131,Pooja Bose,12th,1.1,54,7.0,6.8,84,37,34,36
132,Abhinav Chawla,11th,0.4,65,7.6,8.9,32,19,5,5
133,Riya Joshi,11th,2.5,48,6.6,3.8,40,36,38,31
134,Jyoti Rao,10th,5.3,,7.2,5.0,68,56,54,50
135,Kavya Nair,10th,0.8,58,5.1,4.8,36,23,35,32
136,Yash Nair,10th,1.6,70,5.7,2.4,46,29,37,30
137,Sanjay Tiwari,10th,2.2,83,9.0,4.0,87,52,59,54
138,Ananya Kapoor,11th,4.1,56,7.9,8.6,86,51,64,49
139,Xena Rathore,10th,6.7,70,7.6,1.5,60,82,72,65
140,Manish Chatterjee,12th,3.4,50,9.3,4.3,45,40,50,36
141,Farhan Chatterjee,10th,3.4,88,7.5,5.4,39,60,38,32
142,Imran Bhatt,10th,2.0,46,6.6,1.4,91,54,43,40
143,Rohan Iyer,12th,3.9,41,7.8,4.1,79,49,37,48
144,Suresh Mehta,12th,2.9,71,6.4,8.9,51,36,38,38
145,Deepika Tiwari,10th,0.8,96,7.2,2.1,79,28,30,36
146,Ishita Pillai,12th,4.5,44,8.6,2.6,35,62,58,58
147,Jyoti Reddy,10th,3.9,100,7.0,0.8,44,70,68,69
148,Imran Vardhan,10th,5.4,63,8.2,8.0,79,61,69,62
149,Lavanya Joshi,11th,1.8,71,5.0,3.8,55,39,31,38
150,Pallavi Chatterjee,10th,5.1,40,5.2,6.1,70,60,65,57
151,Sneha Iyer,11th,4.7,65,7.1,6.0,88,50,40,25
152,Aisha Desai,12th,2.2,69,4.2,8.0,75,52,52,41
153,Uday Iyer,11th,4.1,100,5.8,4.9,43,53,51,51
154,Lavanya Mehta,12th,3.5,50,5.2,5.0,59,55,53,49
155,Kavya Vardhan,11th,4.9,45,6.8,0.9,94,74,66,78
156,Kabir Desai,12th,4.0,43,9.4,3.1,93,64,50,63
157,Devansh Rathore,10th,6.3,75,9.1,2.1,33,76,79,76
158,Pallavi Reddy,10th,4.7,94,7.8,7.0,64,63,51,59
159,Deepika Mehta,10th,6.1,44,8.9,6.2,90,64,54,54
160,Gauri Bose,12th,2.2,72,7.4,0.9,73,46,48,50
161,Aarav Iyer,12th,6.7,43,6.1,8.2,45,57,59,66
162,Vidya Kaur,11th,0.9,89,9.1,8.3,94,41,40,19
163,Vidya Chatterjee,12th,2.2,99,6.3,3.2,75,62,64,66
164,Manish Gupta,10th,0.8,51,5.8,8.2,69,26,22,26
165,Yogesh Patel,11th,0.7,57,6.8,3.4,47,16,12,5
166,Suresh Gupta,11th,5.0,,5.2,5.5,97,72,75,74
167,Lavanya Sharma,10th,5.5,80,8.2,3.6,34,60,62,56
168,Aarav Singh,10th,4.0,58,5.2,2.5,41,62,62,49
169,Tanvi Chatterjee,12th,3.2,41,8.6,5.2,75,46,48,46
170,Qasim Desai,11th,4.9,53,5.5,2.2,91,51,54,66
171,Arjun Malhotra,12th,1.8,,9.5,8.5,36,23,24,16
172,Vidya Nair,11th,0.8,95,7.1,7.2,39,37,37,39
173,Kabir Chawla,11th,1.5,74,8.8,7.9,87,42,27,24
174,Yash Nair,11th,2.3,98,7.8,5.0,75,46,53,50
175,Ishita Agarwal,11th,1.6,77,4.8,1.2,85,43,49,50
176,Zara Kaur,10th,0.8,62,6.2,7.2,52,18,20,22
177,Pallavi Sharma,10th,3.0,41,6.7,2.3,88,50,49,37
178,Om Chatterjee,12th,2.0,64,5.5,4.3,100,39,38,49
179,Manish Sharma,12th,0.9,95,5.3,5.2,62,40,32,36
180,Aditya Sharma,11th,6.1,76,6.3,5.8,80,75,82,81
181,Devansh Bhatt,11th,5.5,89,9.5,8.3,71,64,71,60
182,Om Agarwal,12th,1.8,42,7.6,4.8,74,31,27,34
183,Rohan Kapoor,11th,5.5,69,9.2,1.1,74,73,64,64
184,Manish Chawla,12th,1.7,,5.2,7.8,37,40,19,10
185,Yogesh Desai,10th,4.3,97,6.8,4.3,31,73,75,76
186,Sanjay Singh,12th,3.3,82,6.2,4.2,84,50,49,51
187,Yash Mehta,11th,6.3,97,4.1,6.4,32,58,64,70
188,Kavya Rathore,12th,4.9,70,8.7,7.3,73,63,50,60
189,Vidya Rao,12th,6.4,91,5.5,5.9,95,93,94,99
190,Ananya Kaur,10th,5.9,83,6.6,8.4,78,59,56,68
191,Qasim Rathore,11th,1.2,99,4.4,1.7,67,44,33,23
192,Yash Chawla,11th,1.8,73,8.8,5.9,83,39,37,38
193,Lavanya Joshi,11th,2.2,96,5.3,1.8,40,42,41,47
194,Pallavi Bose,10th,4.0,45,4.4,1.2,88,44,49,36
195,Deepika Verma,12th,1.5,83,8.2,7.9,58,33,40,36
196,Priya Pillai,10th,0.5,63,9.0,8.2,41,10,13,10
197,Arjun Malhotra,10th,3.7,48,8.0,3.7,30,41,48,44
198,Mohit Rao,11th,2.4,48,4.4,2.8,49,34,35,32
199,Devansh Rathore,11th,2.1,40,4.5,1.0,57,44,48,50
200,Devansh Chawla,12th,5.1,49,8.9,2.9,86,65,75,73
201,Jyoti Rao,10th,3.7,86,8.1,2.4,86,58,51,56
202,Bhavna Reddy,11th,1.5,98,8.4,8.8,78,47,40,45
203,Riya Singh,10th,1.7,40,4.6,5.6,36,15,18,26
204,Imran Bose,12th,1.0,63,5.1,3.5,47,17,17,24
205,Harsh Malhotra,10th,3.1,48,5.0,1.9,33,35,30,38
206,Suresh Tiwari,11th,1.7,95,8.6,2.7,31,54,42,52
207,Aarav Yadav,12th,4.6,88,7.1,4.8,56,74,74,75
208,Pallavi Joshi,10th,1.7,82,4.2,8.1,48,26,30,32
209,Neha Gupta,10th,6.3,52,4.7,3.8,45,64,53,32
210,Bhavna Gupta,12th,1.2,100,5.8,7.6,37,39,39,26
211,Aisha Kapoor,11th,3.8,58,6.7,8.3,79,44,48,40
212,Abhinav Iyer,12th,3.0,48,7.0,2.8,43,36,43,44
213,Qasim Mehta,10th,5.5,61,4.5,5.9,68,63,70,74
214,Neha Bhatt,11th,1.8,75,5.0,1.5,77,57,51,60
215,Aditya Kaur,10th,1.2,62,5.8,7.1,87,28,30,20
216,Manish Yadav,11th,6.3,59,9.2,2.6,100,72,73,50
217,Devansh Chawla,11th,3.2,98,6.4,5.5,75,61,62,59
218,Chetan Patel,12th,3.8,45,4.1,1.9,41,37,47,50
219,Yogesh Chawla,10th,3.1,47,4.6,5.1,64,51,47,24
220,Uday Desai,11th,4.9,90,6.5,2.3,96,62,66,57
221,Yash Kaur,12th,6.3,42,4.3,6.7,30,42,45,53
222,Simran Yadav,11th,3.9,75,6.4,7.4,61,51,54,49
223,Xena Joshi,12th,0.8,89,8.8,1.3,64,40,26,11
224,Karan Nair,11th,0.9,66,4.1,6.2,45,35,34,26
225,Lavanya Agarwal,10th,1.8,43,4.9,8.4,71,15,26,22
226,Ananya Yadav,12th,2.1,78,8.0,6.5,91,49,40,40
227,Tanvi Tiwari,12th,2.5,57,7.8,4.0,35,42,45,47
228,Ishita Malhotra,11th,3.3,43,6.2,5.1,84,44,49,46
229,Riya Chawla,10th,4.1,76,9.4,7.5,47,40,50,45
230,Qasim Rao,10th,2.4,55,8.7,5.8,41,40,35,39
231,Harsh Malhotra,10th,3.0,72,9.3,2.2,94,48,62,51
232,Lavanya Singh,11th,0.7,100,7.9,4.5,69,41,33,39
233,Ishita Singh,11th,1.6,87,6.7,7.2,50,39,35,41
234,Harsh Mehta,11th,3.6,83,8.4,3.2,33,61,60,62
235,Jyoti Rao,10th,3.3,94,8.8,4.0,46,57,62,65
236,Vidya Malhotra,10th,4.3,78,6.9,6.7,73,57,50,60
237,Aarav Verma,11th,0.5,52,8.4,8.7,47,8,12,15
238,Karan Kapoor,12th,1.2,71,9.2,2.0,49,43,51,49
239,Yash Singh,10th,5.6,75,6.1,8.7,99,71,71,56
240,Riya Iyer,12th,2.6,88,7.6,4.7,98,55,56,61
241,Mohit Gupta,10th,6.2,93,8.2,4.4,32,67,72,71
242,Vikram Rao,12th,4.2,93,6.2,4.3,80,64,74,77
243,Mohit Bhatt,11th,3.9,57,6.4,4.9,,49,42,42
244,Arjun Chatterjee,12th,3.8,,6.6,5.9,59,40,40,54
245,Chetan Desai,12th,1.2,95,8.1,0.9,90,46,42,32
246,Chetan Malhotra,11th,1.8,100,7.6,8.0,99,54,54,51
247,Mohit Rathore,10th,7.0,95,4.2,3.6,37,77,70,78
248,Abhinav Chawla,11th,5.3,87,4.2,8.4,30,55,55,56
249,Aisha Iyer,10th,0.8,61,7.2,8.6,99,33,27,21
250,Zara Nair,10th,0.4,85,5.4,1.1,74,29,38,37
251,Riya Verma,11th,2.5,45,7.9,2.7,87,42,44,52
252,Kavya Patel,12th,2.0,93,4.3,1.2,97,68,64,66
253,Simran Singh,11th,1.0,56,9.4,1.5,64,24,12,13
254,Mohit Rathore,12th,1.5,57,8.7,4.2,95,42,43,40
255,Aisha Pillai,11th,5.6,66,9.3,0.7,34,73,74,66
256,Ritu Agarwal,10th,1.9,43,6.1,2.9,89,31,36,41
257,Bhavna Kaur,12th,1.9,94,4.1,5.3,62,46,47,56
258,Arjun Verma,10th,1.8,,8.4,5.9,86,64,62,59
259,Yogesh Joshi,10th,6.3,97,6.0,6.8,30,66,46,48
260,Aisha Rao,11th,0.5,57,9.0,6.7,86,26,27,9
261,Yogesh Patel,12th,5.2,85,6.3,8.3,38,59,61,62
262,Neha Agarwal,12th,1.0,80,7.7,8.3,88,33,31,35
263,Uday Bhatt,11th,3.8,58,6.3,2.1,78,62,64,62
264,Abhinav Reddy,12th,5.6,64,5.7,8.8,72,65,60,66
265,Kabir Agarwal,12th,4.4,46,5.2,7.3,48,56,47,49
266,Pallavi Pillai,12th,5.4,45,6.9,2.9,66,54,50,37
267,Vidya Desai,12th,4.7,92,5.8,4.8,91,76,65,80
268,Karan Nair,11th,6.6,71,6.3,1.7,56,92,83,89
269,Aditya Bose,12th,2.7,83,5.3,2.3,65,43,40,52
270,Jyoti Iyer,12th,5.9,66,9.0,6.2,30,64,64,63
271,Riya Verma,11th,0.9,95,5.4,8.8,70,41,28,25
272,Yogesh Tiwari,11th,5.9,56,8.8,4.6,72,71,64,63
273,Nikhil Reddy,10th,2.9,71,7.0,3.4,81,64,64,50
274,Om Agarwal,12th,2.1,85,9.0,1.4,82,52,60,56
275,Chetan Gupta,12th,0.4,65,8.2,1.5,72,31,42,35
276,Gauri Mehta,11th,0.4,55,6.8,6.7,32,16,5,5
277,Farhan Agarwal,10th,6.0,46,8.2,3.2,61,62,66,61
278,Karan Reddy,10th,1.5,41,8.7,5.6,54,21,20,29
279,Tara Rao,11th,2.8,99,4.5,8.9,72,52,50,51
280,Ishita Malhotra,12th,3.8,94,4.8,1.3,51,72,77,66
281,Riya Kapoor,12th,3.8,58,4.5,1.2,57,57,58,45
282,Nikhil Joshi,10th,2.8,54,8.1,3.3,57,36,36,38
283,Ishita Mehta,12th,4.8,97,8.5,3.0,92,77,73,82
284,Arjun Reddy,11th,4.3,92,4.4,7.3,87,68,67,51
285,Devansh Reddy,11th,2.4,92,6.6,2.1,92,54,42,43
286,Lavanya Joshi,10th,1.7,83,8.6,2.8,31,33,48,33
287,Deepika Chawla,12th,3.8,69,6.3,8.9,81,53,51,51
288,Waseem Chatterjee,12th,3.2,41,8.9,6.0,72,32,29,27
289,Imran Nair,10th,4.6,84,5.3,9.0,76,68,63,72
290,Rohan Bose,10th,0.7,54,4.3,8.9,84,21,32,20
291,Ananya Patel,12th,0.9,95,7.5,1.0,97,43,46,45
292,Pooja Gupta,11th,5.4,40,6.3,1.1,53,64,58,51
293,Vikram Verma,12th,6.9,73,4.4,2.9,74,94,94,81
294,Divya Tiwari,11th,5.8,93,5.0,0.8,65,84,80,91
295,Vikram Nair,10th,1.6,,7.5,9.0,58,36,41,41
296,Ananya Bose,10th,5.5,67,8.9,4.5,77,65,50,61
297,Rohan Joshi,12th,3.5,77,7.7,6.1,84,50,49,53
298,Meera Bose,12th,5.4,,5.8,1.1,91,77,82,82
299,Tanvi Bose,12th,6.9,89,7.0,8.2,61,75,65,76
300,Sanjay Agarwal,10th,3.5,93,9.0,2.6,66,54,67,66
301,Vikram Nair,11th,0.4,90,9.0,0.9,87,52,51,49
302,Qasim Kaur,11th,2.2,43,9.0,8.0,88,23,19,5
303,Nisha Chawla,11th,3.7,50,6.9,0.7,72,39,32,30
304,Riya Pillai,10th,5.3,55,8.2,5.1,55,62,56,60
305,Harsh Bose,10th,0.8,71,5.9,4.2,91,36,47,49
306,Abhinav Verma,11th,1.5,96,4.8,5.5,77,45,42,47
307,Suresh Malhotra,12th,4.0,58,9.0,6.8,36,51,41,53
308,Nikhil Bhatt,11th,1.7,81,6.4,1.2,100,52,42,43
309,Tara Rao,10th,2.3,99,8.1,2.3,56,52,65,61
310,Tara Bose,10th,3.2,66,7.7,6.3,88,55,53,54
311,Sanjay Bose,11th,1.0,46,9.0,2.5,45,18,18,26
312,Pallavi Malhotra,11th,1.4,95,9.2,3.2,52,50,48,48
313,Om Agarwal,10th,3.0,95,4.2,5.6,34,59,48,50
314,Mohit Pillai,10th,5.3,51,5.5,6.1,69,46,44,42
315,Aisha Bose,12th,4.4,86,5.1,8.9,,56,51,48
316,Ritu Chawla,11th,6.7,42,7.9,4.7,54,68,52,56
317,Gauri Kapoor,10th,3.4,95,7.5,7.5,44,53,55,51
318,Mohit Bose,11th,2.1,68,5.9,0.9,74,47,49,42
319,Aarav Reddy,11th,4.4,46,8.2,4.0,33,49,32,21
320,Kavya Chatterjee,10th,4.9,45,6.3,1.4,87,46,59,50
321,Gauri Kaur,11th,2.6,62,5.4,2.8,33,54,39,50
322,Priya Sharma,10th,0.8,77,6.9,3.2,43,38,30,21
323,Aditya Rao,11th,4.8,66,4.8,6.0,51,56,69,66
324,Abhinav Chatterjee,12th,5.0,47,8.7,2.7,54,59,63,55
325,Aarav Chatterjee,10th,4.6,44,9.5,8.3,84,50,47,46
326,Karan Rathore,11th,5.7,79,5.4,2.1,89,71,79,64
327,Arjun Malhotra,11th,2.2,53,7.7,1.7,39,39,45,42
328,Suresh Verma,12th,3.2,52,6.7,0.6,76,40,40,45
329,Zara Bose,12th,2.3,76,4.6,7.5,41,47,39,40
330,Aarav Kaur,10th,3.1,43,6.1,3.7,78,44,39,19
331,Sanjay Mehta,11th,0.3,88,5.9,1.6,56,37,37,25
332,Nikhil Iyer,12th,3.3,75,6.7,3.8,73,62,67,63
333,Tanvi Kaur,11th,3.5,77,8.7,3.3,66,50,54,46
334,Jyoti Rathore,10th,2.7,68,7.2,8.2,79,48,47,42
335,Qasim Verma,11th,5.1,59,8.0,6.5,50,59,49,50
336,Karan Kapoor,11th,3.3,47,5.5,2.1,58,36,34,21
337,Vikram Mehta,11th,4.3,41,7.4,0.7,38,62,57,47
338,Nisha Patel,10th,5.3,73,7.0,1.6,75,71,74,77
339,Divya Tiwari,12th,4.1,,6.9,3.7,37,59,66,59
340,Nikhil Nair,11th,6.0,90,4.6,3.5,48,74,80,79
341,Yogesh Singh,10th,1.2,74,6.7,1.8,44,39,27,20
342,Imran Gupta,10th,0.5,42,8.5,3.7,81,16,9,8
343,Om Joshi,10th,4.8,60,9.0,8.2,80,60,70,73
344,Imran Chawla,10th,3.1,92,5.9,5.1,95,68,65,56
345,Aditya Rao,11th,5.5,76,7.0,6.9,,80,81,79
346,Ritu Patel,10th,3.3,100,8.2,0.9,97,69,76,76
347,Aditya Verma,12th,3.2,55,4.1,4.7,78,35,44,41
348,Kavya Sharma,12th,4.4,78,6.1,7.6,30,52,54,50
349,Sneha Singh,10th,6.7,78,5.6,8.8,64,77,73,64
350,Meera Mehta,12th,2.4,71,4.7,1.3,87,65,60,62
351,Rahul Bose,12th,6.7,91,6.9,0.9,42,89,87,91
352,Imran Singh,12th,3.6,69,8.8,4.8,78,45,34,35
353,Aisha Vardhan,12th,5.8,57,6.5,2.8,98,86,74,74
354,Karan Iyer,12th,0.4,80,4.8,5.2,61,19,28,22
355,Nikhil Iyer,12th,2.0,43,6.6,2.1,88,38,39,32
356,Arjun Malhotra,11th,6.2,86,5.8,7.8,97,80,88,88
357,Arjun Kaur,11th,1.8,78,4.4,1.1,54,42,25,11
358,Manish Pillai,12th,6.6,48,8.3,7.6,47,66,62,57
359,Karan Kapoor,12th,2.2,70,6.2,3.7,46,46,46,40
360,Ishita Yadav,11th,3.2,91,4.0,4.4,57,58,60,46
361,Ananya Bhatt,10th,1.8,97,6.1,1.9,90,55,47,58
362,Devansh Kaur,12th,4.2,56,6.3,1.2,84,53,50,61
363,Vikram Chatterjee,11th,5.0,65,4.2,4.7,68,62,53,34
364,Qasim Agarwal,11th,1.1,90,4.2,1.1,83,52,44,36
365,Rahul Mehta,10th,1.2,42,5.3,4.5,70,31,40,36
366,Imran Chatterjee,12th,1.8,58,6.6,1.9,58,37,30,33
367,Vikram Yadav,12th,0.5,41,4.7,4.2,34,18,10,8
368,Jyoti Chawla,10th,5.4,84,5.7,1.1,94,70,65,66
369,Uday Bose,12th,5.9,70,4.9,5.4,46,68,65,52
370,Lavanya Joshi,12th,5.0,79,6.2,5.2,69,59,69,65
371,Imran Gupta,12th,0.7,71,9.2,8.2,38,35,23,22
372,Divya Yadav,10th,6.5,86,9.4,7.6,67,77,68,79
373,Kavya Singh,12th,5.2,61,7.0,3.1,96,51,54,65
374,Aditya Rathore,10th,4.7,74,8.5,2.5,32,60,72,70
375,Tanvi Desai,12th,4.1,,6.6,4.7,82,67,71,60
376,Rahul Sharma,12th,4.1,43,4.6,7.7,50,31,26,29
377,Simran Kapoor,11th,6.7,62,9.4,1.9,71,88,89,86
378,Abhinav Bhatt,11th,6.5,97,8.0,2.9,86,92,91,86
379,Aditya Rao,10th,5.4,94,7.8,7.1,80,68,65,57
380,Zara Bose,12th,4.6,99,8.3,2.4,65,71,72,82
381,Simran Mehta,10th,6.0,64,7.1,3.0,82,82,73,52
382,Aisha Malhotra,10th,6.4,64,9.3,3.6,46,66,65,65
383,Devansh Kaur,10th,5.9,72,8.9,5.1,69,63,65,66
384,Vikram Nair,11th,5.4,56,4.8,4.5,77,73,74,77
385,Aisha Kaur,11th,3.0,57,8.4,4.4,81,52,46,28
386,Zara Bhatt,12th,1.5,44,6.8,5.2,42,23,9,14
387,Nisha Chatterjee,11th,6.1,45,8.7,8.0,58,74,64,65
388,Farhan Bhatt,11th,4.6,71,6.8,7.6,85,61,56,56
389,Pooja Pillai,11th,6.6,41,4.1,6.2,33,55,66,65
390,Qasim Reddy,10th,5.7,64,7.4,3.5,46,56,63,64
391,Aarav Verma,11th,3.2,92,5.9,2.3,77,59,61,60
392,Qasim Malhotra,10th,4.2,71,9.2,4.8,80,54,44,44
393,Abhinav Mehta,11th,6.5,95,4.8,2.2,76,89,89,87
394,Rahul Bose,11th,1.1,62,5.8,8.0,84,30,24,16
395,Kavya Sharma,10th,1.0,68,5.7,7.4,55,30,33,20
396,Sanjay Patel,12th,5.4,,6.5,1.0,80,80,78,75
397,Aisha Reddy,10th,5.8,73,6.2,6.1,78,71,63,60
398,Vidya Rao,11th,2.6,54,6.7,5.9,88,37,29,35
399,Om Kapoor,11th,5.7,77,8.3,4.0,91,74,82,80
400,Ritu Chawla,11th,3.8,42,9.1,3.7,70,49,59,55
401,Gauri Iyer,11th,3.7,64,4.6,5.7,57,40,52,51
402,Farhan Yadav,10th,5.8,54,4.6,5.4,58,48,55,48
403,Neha Sharma,12th,3.5,55,4.6,5.7,38,51,37,34
404,Pallavi Yadav,10th,4.1,69,6.7,1.7,74,55,42,36
405,Bhavna Yadav,12th,1.8,94,5.0,3.0,39,47,53,51
406,Yash Patel,12th,6.9,,9.5,2.7,65,64,58,50
407,Ritu Yadav,11th,5.2,92,8.5,7.8,57,78,62,54
408,Uday Desai,12th,0.9,71,7.4,6.1,66,26,29,21
409,Karan Nair,11th,6.8,51,7.7,3.9,31,70,60,70
410,Nisha Bhatt,11th,1.4,41,8.5,5.9,32,23,16,15
411,Ananya Yadav,11th,5.3,64,6.4,8.2,37,46,47,50
412,Om Joshi,10th,4.5,99,6.0,1.3,46,73,78,76
413,Rohan Verma,11th,3.8,81,5.3,5.5,46,57,49,49
414,Neha Bose,12th,4.4,71,7.3,1.0,,64,61,58
415,Kabir Chatterjee,10th,2.9,66,5.7,4.5,75,48,51,55
416,Uday Kaur,11th,1.3,44,5.4,2.4,44,16,19,19
417,Vikram Gupta,12th,4.7,72,8.2,5.9,88,53,48,50
418,Chetan Kapoor,10th,5.6,54,4.2,1.5,40,71,59,67
419,Jyoti Desai,11th,6.5,89,5.4,4.9,72,71,79,75
420,Farhan Rao,12th,2.8,98,8.1,3.0,72,46,47,52
421,Aditya Joshi,11th,6.8,66,8.8,2.2,94,80,66,66
422,Simran Kapoor,10th,3.3,44,6.3,7.7,68,47,48,41
423,Deepika Patel,12th,1.3,73,6.2,7.5,71,17,20,21
424,Harsh Pillai,12th,6.4,44,6.5,8.2,41,55,52,63
425,Aarav Verma,12th,2.7,90,6.6,7.7,34,46,44,36
426,Tara Tiwari,12th,0.5,58,4.9,4.3,68,33,40,30
427,Farhan Yadav,11th,0.5,88,5.2,2.5,51,20,17,16
428,Zara Gupta,11th,2.9,78,7.8,6.7,69,56,62,55
429,Harsh Pillai,11th,3.5,51,8.2,6.6,79,49,41,31
430,Meera Mehta,10th,1.4,93,5.3,6.6,64,38,29,35
431,Rohan Chawla,10th,5.0,77,4.5,2.4,43,51,56,57
432,Bhavna Desai,11th,1.2,51,4.5,4.7,88,29,33,22
433,Qasim Reddy,11th,4.9,41,7.2,2.5,43,54,48,38
434,Mohit Rathore,12th,1.2,76,6.4,4.6,79,30,33,38
435,Chetan Patel,10th,4.0,56,7.5,2.6,70,45,41,43
436,Aarav Mehta,12th,2.7,60,6.3,6.8,80,37,39,41
437,Uday Chatterjee,12th,2.6,100,4.1,5.3,93,59,67,68
438,Manish Pillai,12th,5.3,87,4.1,8.4,30,55,68,68
439,Neha Kapoor,10th,1.8,78,5.0,3.0,73,46,40,33
440,Riya Reddy,11th,6.7,44,6.0,6.9,90,81,79,75
441,Rohan Chatterjee,11th,5.3,83,5.1,7.3,61,65,62,65
442,Pooja Gupta,11th,2.5,100,8.2,2.2,51,55,45,46
443,Yash Malhotra,10th,4.8,94,9.3,4.7,66,69,74,81
444,Pallavi Reddy,11th,3.2,71,4.8,7.1,72,45,47,49
445,Sneha Bhatt,11th,1.1,62,6.2,4.6,51,20,23,27
446,Nikhil Sharma,10th,6.3,64,6.4,3.8,53,73,76,80
447,Kavya Gupta,11th,6.7,92,5.7,6.5,55,79,75,79
448,Aditya Rathore,12th,5.8,56,5.0,3.1,66,57,59,64
449,Yash Joshi,12th,6.8,59,9.3,1.7,58,80,75,79
450,Aisha Kapoor,11th,5.0,80,8.2,5.4,60,54,59,65
451,Gauri Bhatt,12th,2.9,69,5.1,2.8,43,43,38,42
452,Kabir Kaur,11th,1.3,60,5.8,6.9,94,33,38,37
453,Sanjay Kapoor,12th,4.4,98,6.6,0.8,74,70,73,75
454,Divya Chawla,10th,4.4,52,5.4,4.3,92,61,48,35
455,Gauri Vardhan,10th,5.8,70,8.3,1.0,51,66,63,70
456,Riya Tiwari,10th,4.6,98,5.4,1.5,65,74,64,42
457,Yash Rathore,12th,0.8,55,8.3,0.5,76,25,23,26
458,Bhavna Malhotra,11th,1.9,48,6.9,7.0,70,43,30,42
459,Kabir Verma,10th,4.7,82,8.6,0.6,87,74,57,51
460,Vikram Rathore,12th,3.8,89,4.5,8.2,96,49,58,54
461,Om Verma,10th,4.6,69,5.5,5.8,75,61,63,62
462,Suresh Tiwari,11th,3.1,95,4.0,1.2,82,63,52,51
463,Meera Joshi,12th,0.4,62,6.6,2.2,64,29,27,31
464,Waseem Rao,11th,1.9,99,7.7,4.9,63,46,41,51
465,Kavya Joshi,11th,6.6,49,8.8,4.3,38,69,68,64
466,Xena Yadav,11th,2.3,54,6.2,7.4,32,18,25,26
467,Pallavi Rathore,11th,1.5,40,7.3,2.5,42,25,14,13
468,Pallavi Verma,12th,3.8,77,9.0,6.3,68,45,55,52
469,Vidya Vardhan,12th,4.6,62,9.0,2.7,45,55,43,39
470,Deepika Vardhan,12th,0.8,42,7.5,6.2,72,8,17,12
471,Rohan Iyer,12th,3.7,74,5.9,7.1,54,52,49,45
472,Ritu Malhotra,12th,2.4,43,4.9,6.5,31,32,28,29
473,Simran Chatterjee,10th,6.5,74,4.7,4.1,63,64,73,73
474,Arjun Chawla,10th,6.6,94,8.6,3.5,89,81,77,80
475,Chetan Desai,11th,0.6,94,9.4,6.2,54,30,34,37
476,Manish Verma,10th,0.7,99,7.7,6.3,30,23,29,32
477,Rahul Sharma,11th,2.5,64,7.1,2.1,79,39,53,47
478,Nikhil Joshi,10th,3.8,91,4.6,8.2,37,63,58,54
479,Abhinav Gupta,12th,2.5,71,9.0,6.3,97,38,47,49
480,Kavya Chawla,11th,4.5,42,5.3,2.9,98,68,57,56
481,Abhinav Iyer,10th,3.9,96,8.0,4.9,83,63,69,58
482,Yogesh Reddy,10th,3.0,42,4.4,7.9,48,26,36,37
483,Qasim Desai,12th,2.2,61,4.0,6.4,37,29,20,20
484,Ananya Kapoor,12th,5.0,91,7.1,1.6,35,72,65,61
485,Rohan Chawla,12th,1.0,51,4.2,4.3,92,35,45,41
486,Waseem Chatterjee,12th,1.7,45,6.4,7.1,80,41,27,14
487,Ishita Singh,12th,5.5,66,7.8,3.2,33,58,66,61
488,Deepika Pillai,12th,5.2,60,5.6,1.1,64,63,60,50
489,Mohit Verma,12th,0.8,51,4.2,3.5,70,25,19,15
490,Suresh Nair,11th,5.1,83,7.7,2.3,,60,66,59
491,Waseem Kapoor,12th,1.2,63,4.3,6.7,85,38,40,17
492,Meera Verma,10th,1.7,63,8.5,1.7,65,39,36,35
493,Manish Tiwari,10th,1.1,78,6.9,3.1,45,48,44,34
494,Ritu Joshi,10th,0.7,42,6.6,6.2,50,13,10,20
495,Kavya Verma,11th,2.3,75,4.4,2.0,94,37,41,47
496,Tara Joshi,12th,3.5,89,8.7,5.8,40,64,59,59
497,Vikram Patel,12th,0.8,47,4.3,2.9,84,18,28,24
498,Aarav Verma,11th,0.7,41,8.5,3.8,30,7,5,15
499,Waseem Malhotra,10th,4.1,87,7.9,4.5,34,59,49,43
500,Om Rathore,10th,3.6,59,7.6,6.9,58,42,45,49
